{
  "mlp_thr_cal_val_maxf1": {
    "thr": 0.252,
    "f1": 0.7402597402592315,
    "precision": 0.7124999999999911,
    "recall": 0.77027027027026
  },
  "ae_thr_val_norm_99.5pct": 1.9525121450424194,
  "combined_thr_val_maxf1": {
    "thr": 0.542,
    "f1": 0.7402597402592315,
    "precision": 0.7124999999999911,
    "recall": 0.77027027027026
  },
  "weights": {
    "w_mlp": 0.6,
    "w_ae": 0.4
  },
  "seed": 42,
  "features": [
    "Time",
    "V1",
    "V2",
    "V3",
    "V4",
    "V5",
    "V6",
    "V7",
    "V8",
    "V9",
    "V10",
    "V11",
    "V12",
    "V13",
    "V14",
    "V15",
    "V16",
    "V17",
    "V18",
    "V19",
    "V20",
    "V21",
    "V22",
    "V23",
    "V24",
    "V25",
    "V26",
    "V27",
    "V28",
    "Amount"
  ]
}